stage,param_index,params,strategy,train_loss,val_loss,train_accuracy,val_accuracy,training_time,total_training_time,epochs
6,0,"{'num_layers': 2, 'units_per_layer': 104, 'activation': 'tanh', 'learning_rate': 0.04737565437179922, 'batch_size': 64, 'dropout_rate': 0.17927672756343344, 'l2_reg_strength': 1.4298895807371691e-06}",successive_halving,0.032295665147403875,0.2771302411556244,99.36666666666666,93.0,31.297115564346313,12626.040711402893,27
6,1,"{'num_layers': 2, 'units_per_layer': 103, 'activation': 'tanh', 'learning_rate': 0.036152784787406994, 'batch_size': 32, 'dropout_rate': 0.15160880664798138, 'l2_reg_strength': 6.857290820263032e-07}",successive_halving,0.0602179587756594,0.3178201031684875,98.03333333333333,91.0,34.28172254562378,12660.322433948517,27
