stage,param_index,params,strategy,train_loss,val_loss,train_accuracy,val_accuracy,training_time,total_training_time,epochs
6,0,"{'num_layers': 1, 'units_per_layer': 73, 'activation': 'tanh', 'learning_rate': 0.0001212085540704865, 'batch_size': 16, 'dropout_rate': 0.08407229730190637, 'l2_reg_strength': 8.516764319285167e-07}",successive_halving,0.06889982725679875,0.31649921178817747,98.03333333333333,89.4,37.70776057243347,11797.496299743652,27
6,1,"{'num_layers': 1, 'units_per_layer': 106, 'activation': 'relu', 'learning_rate': 0.03882150646348344, 'batch_size': 16, 'dropout_rate': 0.2328713477950256, 'l2_reg_strength': 0.00013028963106967092}",successive_halving,0.08759916126790146,0.2873735430538654,96.96666666666667,92.0,38.11816906929016,11835.614468812943,27
